<?xml version="1.0" encoding="UTF-8"?>
<project version="4">
  <component name="ChangeListManager">
    <list default="true" id="3b6019fe-0204-4a8f-adf9-86703774c4eb" name="Default" comment="" />
    <option name="EXCLUDED_CONVERTED_TO_IGNORED" value="true" />
    <option name="TRACKING_ENABLED" value="true" />
    <option name="SHOW_DIALOG" value="false" />
    <option name="HIGHLIGHT_CONFLICTS" value="true" />
    <option name="HIGHLIGHT_NON_ACTIVE_CHANGELIST" value="false" />
    <option name="LAST_RESOLUTION" value="IGNORE" />
  </component>
  <component name="ComposerSettings" doNotAsk="true" synchronizationState="SYNCHRONIZE">
    <pharConfigPath>$PROJECT_DIR$/composer.json</pharConfigPath>
  </component>
  <component name="FileEditorManager">
    <splitter split-orientation="horizontal" split-proportion="0.9">
      <split-first>
        <leaf SIDE_TABS_SIZE_LIMIT_KEY="300">
          <file leaf-file-name="ApiController.php" pinned="false" current-in-tab="true">
            <entry file="file://$PROJECT_DIR$/app/Http/Controllers/ApiController.php">
              <provider selected="true" editor-type-id="text-editor">
                <state relative-caret-position="552">
                  <caret line="58" column="10" lean-forward="true" selection-start-line="58" selection-start-column="10" selection-end-line="58" selection-end-column="10" />
                  <folding>
                    <element signature="e#40#82#0#PHP" expanded="true" />
                  </folding>
                </state>
              </provider>
            </entry>
          </file>
        </leaf>
      </split-first>
      <split-second>
        <leaf>
          <file leaf-file-name="api.php" pinned="false" current-in-tab="true">
            <entry file="file://$PROJECT_DIR$/routes/api.php">
              <provider selected="true" editor-type-id="text-editor">
                <state relative-caret-position="315">
                  <caret line="21" selection-start-line="21" selection-end-line="21" />
                </state>
              </provider>
            </entry>
          </file>
        </leaf>
      </split-second>
    </splitter>
  </component>
  <component name="FindInProjectRecents">
    <findStrings>
      <find>the given data</find>
    </findStrings>
  </component>
  <component name="IdeDocumentHistory">
    <option name="CHANGED_PATHS">
      <list>
        <option value="$PROJECT_DIR$/bootstrap/app.php" />
        <option value="$PROJECT_DIR$/config/auth.php" />
        <option value="$PROJECT_DIR$/app/Http/Controllers/AuthController.php" />
        <option value="$PROJECT_DIR$/.env" />
        <option value="$PROJECT_DIR$/routes/api.php" />
        <option value="$PROJECT_DIR$/app/Product.php" />
        <option value="$PROJECT_DIR$/database/migrations/2019_05_11_070755_create_products_table.php" />
        <option value="$PROJECT_DIR$/app/Http/Controllers/ProductController.php" />
        <option value="$PROJECT_DIR$/config/app.php" />
        <option value="$PROJECT_DIR$/app/Http/Kernel.php" />
        <option value="$PROJECT_DIR$/app/User.php" />
        <option value="$PROJECT_DIR$/database/migrations/2019_05_11_235712_update_users_table.php" />
        <option value="$PROJECT_DIR$/database/migrations/2019_05_11_234843_add_lastname_to_users.php" />
        <option value="$PROJECT_DIR$/app/Http/Controllers/Auth/RegisterController.php" />
        <option value="$PROJECT_DIR$/app/Http/Requests/RegisterAuthRequest.php" />
        <option value="$PROJECT_DIR$/app/Http/Controllers/ApiController.php" />
      </list>
    </option>
  </component>
  <component name="JsBuildToolGruntFileManager" detection-done="true" sorting="DEFINITION_ORDER" />
  <component name="JsBuildToolPackageJson" detection-done="true" sorting="DEFINITION_ORDER">
    <package-json value="$PROJECT_DIR$/package.json" />
  </component>
  <component name="JsGulpfileManager">
    <detection-done>true</detection-done>
    <sorting>DEFINITION_ORDER</sorting>
  </component>
  <component name="NodePackageJsonFileManager">
    <packageJsonPaths>
      <path value="$PROJECT_DIR$/package.json" />
    </packageJsonPaths>
  </component>
  <component name="PhpWorkspaceProjectConfiguration">
    <include_path>
      <path value="$PROJECT_DIR$/vendor/phpdocumentor/reflection-common" />
      <path value="$PROJECT_DIR$/vendor/erusev/parsedown" />
      <path value="$PROJECT_DIR$/vendor/phpdocumentor/type-resolver" />
      <path value="$PROJECT_DIR$/vendor/phpdocumentor/reflection-docblock" />
      <path value="$PROJECT_DIR$/vendor/theseer/tokenizer" />
      <path value="$PROJECT_DIR$/vendor/league/flysystem" />
      <path value="$PROJECT_DIR$/vendor/psr/log" />
      <path value="$PROJECT_DIR$/vendor/nesbot/carbon" />
      <path value="$PROJECT_DIR$/vendor/phar-io/version" />
      <path value="$PROJECT_DIR$/vendor/phar-io/manifest" />
      <path value="$PROJECT_DIR$/vendor/paragonie/random_compat" />
      <path value="$PROJECT_DIR$/vendor/doctrine/lexer" />
      <path value="$PROJECT_DIR$/vendor/doctrine/inflector" />
      <path value="$PROJECT_DIR$/vendor/webmozart/assert" />
      <path value="$PROJECT_DIR$/vendor/doctrine/instantiator" />
      <path value="$PROJECT_DIR$/vendor/mockery/mockery" />
      <path value="$PROJECT_DIR$/vendor/sebastian/version" />
      <path value="$PROJECT_DIR$/vendor/sebastian/diff" />
      <path value="$PROJECT_DIR$/vendor/monolog/monolog" />
      <path value="$PROJECT_DIR$/vendor/sebastian/code-unit-reverse-lookup" />
      <path value="$PROJECT_DIR$/vendor/sebastian/resource-operations" />
      <path value="$PROJECT_DIR$/vendor/sebastian/object-enumerator" />
      <path value="$PROJECT_DIR$/vendor/sebastian/object-reflector" />
      <path value="$PROJECT_DIR$/vendor/sebastian/recursion-context" />
      <path value="$PROJECT_DIR$/vendor/nikic/php-parser" />
      <path value="$PROJECT_DIR$/vendor/sebastian/exporter" />
      <path value="$PROJECT_DIR$/vendor/sebastian/environment" />
      <path value="$PROJECT_DIR$/vendor/sebastian/comparator" />
      <path value="$PROJECT_DIR$/vendor/sebastian/global-state" />
      <path value="$PROJECT_DIR$/vendor/phpspec/prophecy" />
      <path value="$PROJECT_DIR$/vendor/phpunit/php-text-template" />
      <path value="$PROJECT_DIR$/vendor/phpunit/php-timer" />
      <path value="$PROJECT_DIR$/vendor/ramsey/uuid" />
      <path value="$PROJECT_DIR$/vendor/phpunit/php-file-iterator" />
      <path value="$PROJECT_DIR$/vendor/fzaninotto/faker" />
      <path value="$PROJECT_DIR$/vendor/myclabs/deep-copy" />
      <path value="$PROJECT_DIR$/vendor/psy/psysh" />
      <path value="$PROJECT_DIR$/vendor/symfony/routing" />
      <path value="$PROJECT_DIR$/vendor/swiftmailer/swiftmailer" />
      <path value="$PROJECT_DIR$/vendor/symfony/debug" />
      <path value="$PROJECT_DIR$/vendor/symfony/polyfill-mbstring" />
      <path value="$PROJECT_DIR$/vendor/composer" />
      <path value="$PROJECT_DIR$/vendor/symfony/var-dumper" />
      <path value="$PROJECT_DIR$/vendor/jakub-onderka/php-console-color" />
      <path value="$PROJECT_DIR$/vendor/symfony/process" />
      <path value="$PROJECT_DIR$/vendor/jakub-onderka/php-console-highlighter" />
      <path value="$PROJECT_DIR$/vendor/tijsverkoyen/css-to-inline-styles" />
      <path value="$PROJECT_DIR$/vendor/dnoegel/php-xdg-base-dir" />
      <path value="$PROJECT_DIR$/vendor/fideloper/proxy" />
      <path value="$PROJECT_DIR$/vendor/laravel/framework" />
      <path value="$PROJECT_DIR$/vendor/phpunit/php-code-coverage" />
      <path value="$PROJECT_DIR$/vendor/laravel/tinker" />
      <path value="$PROJECT_DIR$/vendor/phpunit/phpunit" />
      <path value="$PROJECT_DIR$/vendor/symfony/css-selector" />
      <path value="$PROJECT_DIR$/vendor/phpunit/php-token-stream" />
      <path value="$PROJECT_DIR$/vendor/symfony/polyfill-ctype" />
      <path value="$PROJECT_DIR$/vendor/hamcrest/hamcrest-php" />
      <path value="$PROJECT_DIR$/vendor/filp/whoops" />
      <path value="$PROJECT_DIR$/vendor/vlucas/phpdotenv" />
      <path value="$PROJECT_DIR$/vendor/egulias/email-validator" />
      <path value="$PROJECT_DIR$/vendor/symfony/polyfill-iconv" />
      <path value="$PROJECT_DIR$/vendor/symfony/polyfill-php72" />
      <path value="$PROJECT_DIR$/vendor/symfony/http-kernel" />
      <path value="$PROJECT_DIR$/vendor/symfony/console" />
      <path value="$PROJECT_DIR$/vendor/symfony/http-foundation" />
      <path value="$PROJECT_DIR$/vendor/symfony/event-dispatcher" />
      <path value="$PROJECT_DIR$/vendor/symfony/polyfill-intl-idn" />
      <path value="$PROJECT_DIR$/vendor/symfony/finder" />
      <path value="$PROJECT_DIR$/vendor/symfony/translation" />
      <path value="$PROJECT_DIR$/vendor/psr/container" />
      <path value="$PROJECT_DIR$/vendor/psr/simple-cache" />
      <path value="$PROJECT_DIR$/vendor/dragonmantank/cron-expression" />
      <path value="$PROJECT_DIR$/vendor/symfony/contracts" />
      <path value="$PROJECT_DIR$/vendor/nunomaduro/collision" />
      <path value="$PROJECT_DIR$/vendor/namshi/jose" />
      <path value="$PROJECT_DIR$/vendor/lcobucci/jwt" />
      <path value="$PROJECT_DIR$/vendor/tymon/jwt-auth" />
      <path value="$PROJECT_DIR$/vendor/symfony/polyfill-util" />
      <path value="$PROJECT_DIR$/vendor/symfony/polyfill-php56" />
      <path value="$PROJECT_DIR$/vendor/asm89/stack-cors" />
      <path value="$PROJECT_DIR$/vendor/barryvdh/laravel-cors" />
      <path value="$PROJECT_DIR$/vendor/doctrine/event-manager" />
      <path value="$PROJECT_DIR$/vendor/doctrine/cache" />
      <path value="$PROJECT_DIR$/vendor/doctrine/dbal" />
    </include_path>
  </component>
  <component name="ProjectFrameBounds" extendedState="6">
    <option name="x" value="51" />
    <option name="y" value="4" />
    <option name="width" value="1315" />
    <option name="height" value="764" />
  </component>
  <component name="ProjectView">
    <navigator proportions="" version="1">
      <foldersAlwaysOnTop value="true" />
    </navigator>
    <panes>
      <pane id="ProjectPane">
        <subPane>
          <expand>
            <path>
              <item name="backend" type="b2602c69:ProjectViewProjectNode" />
              <item name="backend" type="462c0819:PsiDirectoryNode" />
            </path>
            <path>
              <item name="backend" type="b2602c69:ProjectViewProjectNode" />
              <item name="backend" type="462c0819:PsiDirectoryNode" />
              <item name="app" type="462c0819:PsiDirectoryNode" />
            </path>
            <path>
              <item name="backend" type="b2602c69:ProjectViewProjectNode" />
              <item name="backend" type="462c0819:PsiDirectoryNode" />
              <item name="app" type="462c0819:PsiDirectoryNode" />
              <item name="Http" type="462c0819:PsiDirectoryNode" />
            </path>
            <path>
              <item name="backend" type="b2602c69:ProjectViewProjectNode" />
              <item name="backend" type="462c0819:PsiDirectoryNode" />
              <item name="app" type="462c0819:PsiDirectoryNode" />
              <item name="Http" type="462c0819:PsiDirectoryNode" />
              <item name="Controllers" type="462c0819:PsiDirectoryNode" />
            </path>
            <path>
              <item name="backend" type="b2602c69:ProjectViewProjectNode" />
              <item name="backend" type="462c0819:PsiDirectoryNode" />
              <item name="app" type="462c0819:PsiDirectoryNode" />
              <item name="Http" type="462c0819:PsiDirectoryNode" />
              <item name="Controllers" type="462c0819:PsiDirectoryNode" />
              <item name="Auth" type="462c0819:PsiDirectoryNode" />
            </path>
          </expand>
          <select />
        </subPane>
      </pane>
      <pane id="Scope" />
    </panes>
  </component>
  <component name="PropertiesComponent">
    <property name="WebServerToolWindowFactoryState" value="false" />
    <property name="last_opened_file_path" value="$PROJECT_DIR$" />
    <property name="nodejs_interpreter_path.stuck_in_default_project" value="undefined stuck path" />
    <property name="nodejs_npm_path_reset_for_default_project" value="true" />
    <property name="nodejs_package_manager_path" value="npm" />
  </component>
  <component name="RunDashboard">
    <option name="ruleStates">
      <list>
        <RuleState>
          <option name="name" value="ConfigurationTypeDashboardGroupingRule" />
        </RuleState>
        <RuleState>
          <option name="name" value="StatusDashboardGroupingRule" />
        </RuleState>
      </list>
    </option>
  </component>
  <component name="SvnConfiguration">
    <configuration />
  </component>
  <component name="TaskManager">
    <task active="true" id="Default" summary="Default task">
      <changelist id="3b6019fe-0204-4a8f-adf9-86703774c4eb" name="Default" comment="" />
      <created>1557548313983</created>
      <option name="number" value="Default" />
      <option name="presentableId" value="Default" />
      <updated>1557548313983</updated>
      <workItem from="1557548321866" duration="4154000" />
      <workItem from="1557555868029" duration="6492000" />
      <workItem from="1557606551043" duration="27000" />
      <workItem from="1557608944289" duration="10680000" />
    </task>
    <servers />
  </component>
  <component name="TimeTrackingManager">
    <option name="totallyTimeSpent" value="21353000" />
  </component>
  <component name="ToolWindowManager">
    <frame x="48" y="-11" width="1319" height="780" extended-state="6" />
    <layout>
      <window_info anchor="bottom" id="TODO" order="6" />
      <window_info anchor="bottom" id="Event Log" order="7" side_tool="true" />
      <window_info anchor="bottom" id="Database Changes" order="7" show_stripe_button="false" />
      <window_info anchor="bottom" id="Version Control" order="7" show_stripe_button="false" />
      <window_info anchor="bottom" id="Run" order="2" />
      <window_info id="npm" order="2" side_tool="true" />
      <window_info anchor="bottom" id="Terminal" order="7" weight="0.32970452" />
      <window_info active="true" content_ui="combo" id="Project" order="0" visible="true" weight="0.3029111" />
      <window_info anchor="bottom" id="Docker" order="7" show_stripe_button="false" />
      <window_info anchor="right" id="Database" order="3" />
      <window_info anchor="bottom" id="Find" order="1" />
      <window_info id="Structure" order="1" side_tool="true" weight="0.25" />
      <window_info id="Favorites" order="2" side_tool="true" />
      <window_info anchor="bottom" id="Debug" order="3" weight="0.4" />
      <window_info anchor="right" content_ui="combo" id="Hierarchy" order="2" weight="0.25" />
      <window_info anchor="bottom" id="Inspection" order="5" weight="0.4" />
      <window_info anchor="right" id="Commander" internal_type="SLIDING" order="0" type="SLIDING" weight="0.4" />
      <window_info anchor="right" id="Ant Build" order="1" weight="0.25" />
      <window_info anchor="bottom" id="Message" order="0" />
      <window_info anchor="bottom" id="Cvs" order="4" weight="0.25" />
    </layout>
  </component>
  <component name="TypeScriptGeneratedFilesManager">
    <option name="version" value="1" />
  </component>
  <component name="VcsContentAnnotationSettings">
    <option name="myLimit" value="2678400000" />
  </component>
  <component name="editorHistoryManager">
    <entry file="file://$PROJECT_DIR$/routes/api.php">
      <provider selected="true" editor-type-id="text-editor">
        <state relative-caret-position="315">
          <caret line="21" selection-start-line="21" selection-end-line="21" />
        </state>
      </provider>
    </entry>
    <entry file="file://$PROJECT_DIR$/config/app.php">
      <provider selected="true" editor-type-id="text-editor">
        <state relative-caret-position="2400">
          <caret line="160" column="50" selection-start-line="160" selection-start-column="50" selection-end-line="160" selection-end-column="50" />
        </state>
      </provider>
    </entry>
    <entry file="file://$PROJECT_DIR$/config/jwt.php">
      <provider selected="true" editor-type-id="text-editor" />
    </entry>
    <entry file="file://$PROJECT_DIR$/app/Http/Kernel.php">
      <provider selected="true" editor-type-id="text-editor">
        <state relative-caret-position="915">
          <caret line="61" column="73" selection-start-line="61" selection-start-column="73" selection-end-line="61" selection-end-column="73" />
        </state>
      </provider>
    </entry>
    <entry file="file://$PROJECT_DIR$/app/User.php">
      <provider selected="true" editor-type-id="text-editor">
        <state relative-caret-position="780">
          <caret line="54" column="7" selection-start-line="54" selection-start-column="7" selection-end-line="54" selection-end-column="7" />
          <folding>
            <element signature="e#23#78#0#PHP" expanded="true" />
          </folding>
        </state>
      </provider>
    </entry>
    <entry file="file://$PROJECT_DIR$/app/Http/Controllers/ProductController.php">
      <provider selected="true" editor-type-id="text-editor">
        <state relative-caret-position="1635">
          <caret line="111" column="5" selection-start-line="111" selection-start-column="5" selection-end-line="111" selection-end-column="5" />
          <folding>
            <element signature="e#40#68#0#PHP" expanded="true" />
          </folding>
        </state>
      </provider>
    </entry>
    <entry file="file://$PROJECT_DIR$/app/Http/Requests/RegisterAuthRequest.php">
      <provider selected="true" editor-type-id="text-editor">
        <state relative-caret-position="360">
          <caret line="24" column="5" selection-start-line="24" selection-start-column="5" selection-end-line="24" selection-end-column="5" />
        </state>
      </provider>
    </entry>
    <entry file="file://$PROJECT_DIR$/app/Http/Controllers/ApiController.php">
      <provider selected="true" editor-type-id="text-editor">
        <state relative-caret-position="90">
          <caret line="10" column="9" selection-start-line="10" selection-start-column="9" selection-end-line="10" selection-end-column="9" />
          <folding>
            <element signature="e#40#82#0#PHP" expanded="true" />
          </folding>
        </state>
      </provider>
    </entry>
    <entry file="file://$PROJECT_DIR$/database/migrations/2019_05_11_070755_create_products_table.php">
      <provider selected="true" editor-type-id="text-editor">
        <state relative-caret-position="420">
          <caret line="30" column="5" selection-start-line="30" selection-start-column="5" selection-end-line="30" selection-end-column="5" />
        </state>
      </provider>
    </entry>
    <entry file="file://$PROJECT_DIR$/app/Product.php">
      <provider selected="true" editor-type-id="text-editor">
        <state relative-caret-position="180">
          <caret line="12" selection-start-line="12" selection-end-line="12" />
        </state>
      </provider>
    </entry>
    <entry file="file://$PROJECT_DIR$/routes/api.php">
      <provider selected="true" editor-type-id="text-editor">
        <state relative-caret-position="315">
          <caret line="21" lean-forward="true" selection-start-line="21" selection-end-line="21" />
        </state>
      </provider>
    </entry>
    <entry file="file://$PROJECT_DIR$/config/app.php">
      <provider selected="true" editor-type-id="text-editor">
        <state relative-caret-position="2400">
          <caret line="160" column="50" selection-start-line="160" selection-start-column="50" selection-end-line="160" selection-end-column="50" />
        </state>
      </provider>
    </entry>
    <entry file="file://$PROJECT_DIR$/config/jwt.php">
      <provider selected="true" editor-type-id="text-editor" />
    </entry>
    <entry file="file://$PROJECT_DIR$/app/Http/Kernel.php">
      <provider selected="true" editor-type-id="text-editor">
        <state relative-caret-position="915">
          <caret line="61" column="73" selection-start-line="61" selection-start-column="73" selection-end-line="61" selection-end-column="73" />
        </state>
      </provider>
    </entry>
    <entry file="file://$PROJECT_DIR$/app/User.php">
      <provider selected="true" editor-type-id="text-editor">
        <state relative-caret-position="780">
          <caret line="54" column="7" selection-start-line="54" selection-start-column="7" selection-end-line="54" selection-end-column="7" />
          <folding>
            <element signature="e#23#78#0#PHP" expanded="true" />
          </folding>
        </state>
      </provider>
    </entry>
    <entry file="file://$PROJECT_DIR$/app/Http/Controllers/ProductController.php">
      <provider selected="true" editor-type-id="text-editor">
        <state relative-caret-position="1635">
          <caret line="111" column="5" selection-start-line="111" selection-start-column="5" selection-end-line="111" selection-end-column="5" />
          <folding>
            <element signature="e#40#68#0#PHP" expanded="true" />
          </folding>
        </state>
      </provider>
    </entry>
    <entry file="file://$PROJECT_DIR$/app/Http/Requests/RegisterAuthRequest.php">
      <provider selected="true" editor-type-id="text-editor">
        <state relative-caret-position="360">
          <caret line="24" column="5" selection-start-line="24" selection-start-column="5" selection-end-line="24" selection-end-column="5" />
        </state>
      </provider>
    </entry>
    <entry file="file://$PROJECT_DIR$/app/Http/Controllers/ApiController.php">
      <provider selected="true" editor-type-id="text-editor">
        <state relative-caret-position="90">
          <caret line="10" column="9" selection-start-line="10" selection-start-column="9" selection-end-line="10" selection-end-column="9" />
          <folding>
            <element signature="e#40#82#0#PHP" expanded="true" />
          </folding>
        </state>
      </provider>
    </entry>
    <entry file="file://$PROJECT_DIR$/database/migrations/2019_05_11_070755_create_products_table.php">
      <provider selected="true" editor-type-id="text-editor">
        <state relative-caret-position="420">
          <caret line="30" column="5" selection-start-line="30" selection-start-column="5" selection-end-line="30" selection-end-column="5" />
        </state>
      </provider>
    </entry>
    <entry file="file://$PROJECT_DIR$/app/Product.php">
      <provider selected="true" editor-type-id="text-editor">
        <state relative-caret-position="180">
          <caret line="12" selection-start-line="12" selection-end-line="12" />
        </state>
      </provider>
    </entry>
    <entry file="file://$PROJECT_DIR$/.env">
      <provider selected="true" editor-type-id="text-editor">
        <state relative-caret-position="555">
          <caret line="37" column="12" selection-start-line="37" selection-start-column="12" selection-end-line="37" selection-end-column="12" />
        </state>
      </provider>
    </entry>
    <entry file="file://$PROJECT_DIR$/routes/api.php">
      <provider selected="true" editor-type-id="text-editor">
        <state relative-caret-position="255">
          <caret line="17" column="3" selection-start-line="17" selection-start-column="3" selection-end-line="17" selection-end-column="3" />
        </state>
      </provider>
    </entry>
    <entry file="file://$PROJECT_DIR$/config/app.php">
      <provider selected="true" editor-type-id="text-editor">
        <state relative-caret-position="2400">
          <caret line="160" column="50" selection-start-line="160" selection-start-column="50" selection-end-line="160" selection-end-column="50" />
        </state>
      </provider>
    </entry>
    <entry file="file://$PROJECT_DIR$/app/User.php">
      <provider selected="true" editor-type-id="text-editor">
        <state relative-caret-position="135">
          <caret line="10" selection-start-line="10" selection-end-line="10" />
          <folding>
            <element signature="e#23#78#0#PHP" expanded="true" />
          </folding>
        </state>
      </provider>
    </entry>
    <entry file="file://$PROJECT_DIR$/config/auth.php">
      <provider selected="true" editor-type-id="text-editor">
        <state relative-caret-position="615">
          <caret line="41" column="10" selection-start-line="41" selection-start-column="10" selection-end-line="41" selection-end-column="10" />
        </state>
      </provider>
    </entry>
    <entry file="file://$PROJECT_DIR$/bootstrap/app.php">
      <provider selected="true" editor-type-id="text-editor">
        <state relative-caret-position="225">
          <caret line="42" lean-forward="true" selection-start-line="42" selection-end-line="42" />
        </state>
      </provider>
    </entry>
    <entry file="file://$PROJECT_DIR$/app/Http/Controllers/AuthController.php" />
    <entry file="file://$PROJECT_DIR$/config/auth.php">
      <provider selected="true" editor-type-id="text-editor">
        <state relative-caret-position="349">
          <caret line="41" column="10" selection-start-line="41" selection-start-column="10" selection-end-line="41" selection-end-column="10" />
        </state>
      </provider>
    </entry>
    <entry file="file://$PROJECT_DIR$/.env">
      <provider selected="true" editor-type-id="text-editor">
        <state relative-caret-position="195">
          <caret line="13" column="22" selection-start-line="13" selection-start-column="22" selection-end-line="13" selection-end-column="22" />
        </state>
      </provider>
    </entry>
    <entry file="file://$PROJECT_DIR$/app/Http/Kernel.php">
      <provider selected="true" editor-type-id="text-editor">
        <state relative-caret-position="419">
          <caret line="63" column="73" selection-start-line="63" selection-start-column="73" selection-end-line="63" selection-end-column="73" />
        </state>
      </provider>
    </entry>
    <entry file="file://$PROJECT_DIR$/config/jwt.php">
      <provider selected="true" editor-type-id="text-editor" />
    </entry>
    <entry file="file://$PROJECT_DIR$/database/migrations/2019_05_11_070755_create_products_table.php">
      <provider selected="true" editor-type-id="text-editor">
        <state relative-caret-position="244">
          <caret line="39" column="41" lean-forward="true" selection-start-line="39" selection-start-column="8" selection-end-line="39" selection-end-column="41" />
        </state>
      </provider>
    </entry>
    <entry file="file://$PROJECT_DIR$/database/migrations/2014_10_12_000000_create_users_table.php">
      <provider selected="true" editor-type-id="text-editor">
        <state relative-caret-position="269">
          <caret line="32" column="38" lean-forward="true" selection-start-line="32" selection-start-column="8" selection-end-line="32" selection-end-column="38" />
        </state>
      </provider>
    </entry>
    <entry file="file://$PROJECT_DIR$/database/migrations/2019_05_11_234843_add_lastname_to_users.php">
      <provider selected="true" editor-type-id="text-editor">
        <state relative-caret-position="289">
          <caret line="30" lean-forward="true" selection-start-line="30" selection-end-line="30" />
        </state>
      </provider>
    </entry>
    <entry file="file://$PROJECT_DIR$/database/migrations/2019_05_11_235712_update_users_table.php">
      <provider selected="true" editor-type-id="text-editor">
        <state relative-caret-position="285">
          <caret line="27" column="38" selection-start-line="27" selection-start-column="38" selection-end-line="27" selection-end-column="38" />
        </state>
      </provider>
    </entry>
    <entry file="file://$PROJECT_DIR$/app/User.php">
      <provider selected="true" editor-type-id="text-editor">
        <state relative-caret-position="133">
          <caret line="18" column="30" selection-start-line="18" selection-start-column="30" selection-end-line="18" selection-end-column="30" />
          <folding>
            <element signature="e#23#78#0#PHP" expanded="true" />
          </folding>
        </state>
      </provider>
    </entry>
    <entry file="file://$PROJECT_DIR$/config/app.php">
      <provider selected="true" editor-type-id="text-editor">
        <state relative-caret-position="238">
          <caret line="161" column="45" selection-start-line="161" selection-start-column="45" selection-end-line="161" selection-end-column="45" />
        </state>
      </provider>
    </entry>
    <entry file="file://$PROJECT_DIR$/routes/api.php">
      <provider selected="true" editor-type-id="text-editor">
        <state relative-caret-position="315">
          <caret line="21" selection-start-line="21" selection-end-line="21" />
        </state>
      </provider>
    </entry>
    <entry file="file://$PROJECT_DIR$/app/Product.php">
      <provider selected="true" editor-type-id="text-editor">
        <state relative-caret-position="180">
          <caret line="12" selection-start-line="12" selection-end-line="12" />
        </state>
      </provider>
    </entry>
    <entry file="file://$PROJECT_DIR$/app/Http/Controllers/ProductController.php">
      <provider selected="true" editor-type-id="text-editor">
        <state relative-caret-position="421">
          <caret line="106" column="37" lean-forward="true" selection-start-line="106" selection-start-column="37" selection-end-line="106" selection-end-column="37" />
          <folding>
            <element signature="e#40#68#0#PHP" expanded="true" />
          </folding>
        </state>
      </provider>
    </entry>
    <entry file="file://$PROJECT_DIR$/app/Http/Controllers/Auth/LoginController.php">
      <provider selected="true" editor-type-id="text-editor" />
    </entry>
    <entry file="file://$PROJECT_DIR$/app/Http/Controllers/Auth/ForgotPasswordController.php">
      <provider selected="true" editor-type-id="text-editor" />
    </entry>
    <entry file="file://$PROJECT_DIR$/app/Http/Controllers/Auth/ResetPasswordController.php">
      <provider selected="true" editor-type-id="text-editor" />
    </entry>
    <entry file="file://$PROJECT_DIR$/app/Http/Controllers/HomeController.php">
      <provider selected="true" editor-type-id="text-editor" />
    </entry>
    <entry file="file://$PROJECT_DIR$/app/Http/Controllers/Controller.php">
      <provider selected="true" editor-type-id="text-editor" />
    </entry>
    <entry file="file://$PROJECT_DIR$/app/Http/Requests/RegisterAuthRequest.php">
      <provider selected="true" editor-type-id="text-editor">
        <state relative-caret-position="450">
          <caret line="30" column="10" lean-forward="true" selection-start-line="30" selection-start-column="10" selection-end-line="30" selection-end-column="10" />
        </state>
      </provider>
    </entry>
    <entry file="file://$PROJECT_DIR$/app/Http/Controllers/Auth/RegisterController.php">
      <provider selected="true" editor-type-id="text-editor">
        <state relative-caret-position="45">
          <caret line="3" lean-forward="true" selection-start-line="3" selection-end-line="3" />
        </state>
      </provider>
    </entry>
    <entry file="file://$PROJECT_DIR$/app/Http/Controllers/ApiController.php">
      <provider selected="true" editor-type-id="text-editor">
        <state relative-caret-position="552">
          <caret line="58" column="10" lean-forward="true" selection-start-line="58" selection-start-column="10" selection-end-line="58" selection-end-column="10" />
          <folding>
            <element signature="e#40#82#0#PHP" expanded="true" />
          </folding>
        </state>
      </provider>
    </entry>
  </component>
</project>